caseOrdinal,input,expectedIntent,needleBaseIntent,needleBaseConfidence,needleBaseIntentMatch,needleBaseParamMatch,needleBaseError,needleBaseResponseType,needleBaseToolName,needleBaseDiagnosticKind,needleBaseFallbackReason,needleBaseDurationMs,needleBaseInputTokens,needleBaseOutputTokens,needleBaseTokensEstimated,needleBaseCostUsd,needleBaseCostSource,needleBaseModelName,needleTuned20260905033826Intent,needleTuned20260905033826Confidence,needleTuned20260905033826IntentMatch,needleTuned20260905033826ParamMatch,needleTuned20260905033826Error,needleTuned20260905033826ResponseType,needleTuned20260905033826ToolName,needleTuned20260905033826DiagnosticKind,needleTuned20260905033826FallbackReason,needleTuned20260905033826DurationMs,needleTuned20260905033826InputTokens,needleTuned20260905033826OutputTokens,needleTuned20260905033826TokensEstimated,needleTuned20260905033826CostUsd,needleTuned20260905033826CostSource,needleTuned20260905033826ModelName
1,Where is my phone charger?,SEARCH_ITEM,UNCLEAR,0.504,False,False,,call,,empty-call,Needle returned no function calls,2420,,,,0,free,needleBase,UNCLEAR,,False,False,,call,,empty-call,Needle returned no function calls,2237,,,,0,free,needleTuned20260905033826
2,Find the box with my winter coats,SEARCH_ITEM,SEARCH_ITEM,0.0235,True,True,,call,search_item,tool-call,,2809,,,,0,free,needleBase,SEARCH_ITEM,,True,True,,call,search_item,tool-call,,2507,,,,0,free,needleTuned20260905033826
3,Do I have any spare HDMI cables?,SEARCH_ITEM,VIEW_INVENTORY,0.5034,False,False,,call,view_inventory,tool-call,,2583,,,,0,free,needleBase,SEARCH_ITEM,,True,False,,call,search_item,tool-call,,2227,,,,0,free,needleTuned20260905033826
4,Which box has the Christmas ornaments,SEARCH_ITEM,SEARCH_ITEM,0.9632,True,True,,call,search_item,tool-call,,2394,,,,0,free,needleBase,VIEW_INVENTORY,,False,False,,call,view_inventory,tool-call,,2554,,,,0,free,needleTuned20260905033826
5,search for my passport,SEARCH_ITEM,SEARCH_ITEM,0.7372,True,True,,call,search_item,tool-call,,1760,,,,0,free,needleBase,SEARCH_ITEM,,True,True,,call,search_item,tool-call,,1771,,,,0,free,needleTuned20260905033826
6,Add a drill to the garage tools box,ADD_ITEM,ADD_ITEM,0.0099,True,True,,call,add_item,tool-call,,2791,,,,0,free,needleBase,ADD_ITEM,,True,True,,call,add_item,tool-call,,2686,,,,0,free,needleTuned20260905033826
7,"I just bought 3 new notebooks, put them in the office box",ADD_ITEM,ADD_ITEM,0.0007,True,True,,call,add_item,tool-call,,3207,,,,0,free,needleBase,ADD_ITEM,,True,True,,call,add_item,tool-call,,3280,,,,0,free,needleTuned20260905033826
8,put a spare keyboard into box 12,ADD_ITEM,ADD_ITEM,0.0062,True,False,,call,add_item,tool-call,,2727,,,,0,free,needleBase,ADD_ITEM,,True,False,,call,add_item,tool-call,,2573,,,,0,free,needleTuned20260905033826
9,register this new lamp under living room items,ADD_ITEM,ADD_ITEM,0.9752,True,True,,call,add_item,tool-call,,2639,,,,0,free,needleBase,ADD_ITEM,,True,True,,call,add_item,tool-call,,2555,,,,0,free,needleTuned20260905033826
10,add two extra blankets to the linen closet box,ADD_ITEM,ADD_ITEM,0.3907,True,False,,call,add_item,tool-call,,2442,,,,0,free,needleBase,ADD_ITEM,,True,False,,call,add_item,tool-call,,2259,,,,0,free,needleTuned20260905033826
11,change the quantity of screwdrivers to 5,UPDATE_ITEM,UNCLEAR,0.9603,False,False,,call,,empty-call,Needle returned no function calls,2389,,,,0,free,needleBase,UPDATE_ITEM,,True,True,,call,update_item,tool-call,,2526,,,,0,free,needleTuned20260905033826
12,rename the label on my old laptop to 'spare laptop',UPDATE_ITEM,UNCLEAR,0.2704,False,False,,call,,empty-call,Needle returned no function calls,2692,,,,0,free,needleBase,UNCLEAR,,False,False,,call,,empty-call,Needle returned no function calls,2520,,,,0,free,needleTuned20260905033826
13,move the tennis rackets to the sports box,UPDATE_ITEM,UNCLEAR,0.7318,False,False,,call,,empty-call,Needle returned no function calls,1934,,,,0,free,needleBase,UPDATE_ITEM,,True,False,,call,update_item,tool-call,,2340,,,,0,free,needleTuned20260905033826
14,update the description for my camera,UPDATE_ITEM,UNCLEAR,0.539,False,False,,call,,empty-call,Needle returned no function calls,2492,,,,0,free,needleBase,SEARCH_ITEM,,False,True,,call,search_item,tool-call,,2726,,,,0,free,needleTuned20260905033826
15,correct the item count of batteries to 12,UPDATE_ITEM,UPDATE_ITEM,0.3484,True,True,,call,update_item,tool-call,,2797,,,,0,free,needleBase,UPDATE_ITEM,,True,False,,call,update_item,tool-call,,2970,,,,0,free,needleTuned20260905033826
16,delete the broken toaster from inventory,DELETE_ITEM,DELETE_ITEM,0.7023,True,False,,call,delete_item,tool-call,,1943,,,,0,free,needleBase,DELETE_ITEM,,True,False,,call,delete_item,tool-call,,2097,,,,0,free,needleTuned20260905033826
17,"remove the old phone case, it's gone",DELETE_ITEM,DELETE_ITEM,0.9893,True,False,,call,delete_item,tool-call,,2287,,,,0,free,needleBase,DELETE_ITEM,,True,False,,call,delete_item,tool-call,,2356,,,,0,free,needleTuned20260905033826
18,get rid of the expired sunscreen entry,DELETE_ITEM,DELETE_ITEM,0.9914,True,False,,call,delete_item,tool-call,,2277,,,,0,free,needleBase,DELETE_ITEM,,True,False,,call,delete_item,tool-call,,2277,,,,0,free,needleTuned20260905033826
19,"I donated the treadmill, delete it",DELETE_ITEM,DELETE_ITEM,0.0586,True,True,,call,delete_item,tool-call,,2621,,,,0,free,needleBase,VIEW_INVENTORY,,False,False,,call,view_inventory,tool-call,,2755,,,,0,free,needleTuned20260905033826
20,remove the duplicate entry for extension cords,DELETE_ITEM,DELETE_ITEM,0.9854,True,True,,call,delete_item,tool-call,,2279,,,,0,free,needleBase,SEARCH_ITEM,,False,True,,call,search_item,tool-call,,2422,,,,0,free,needleTuned20260905033826
21,create a new box called garage shelf 3,MANAGE_BOX,MANAGE_BOX,0,True,False,,call,manage_box,tool-call,,2738,,,,0,free,needleBase,MANAGE_BOX,,True,False,,call,manage_box,tool-call,,2749,,,,0,free,needleTuned20260905033826
22,rename box 7 to 'kitchen extras',MANAGE_BOX,MANAGE_BOX,0.3982,True,False,,call,manage_box,tool-call,,2801,,,,0,free,needleBase,UNCLEAR,,False,False,,call,,empty-call,Needle returned no function calls,4507,,,,0,free,needleTuned20260905033826
23,delete the empty box labeled 'old office',MANAGE_BOX,DELETE_ITEM,0.5554,False,True,,call,delete_item,tool-call,,2236,,,,0,free,needleBase,DELETE_ITEM,,False,True,,call,delete_item,tool-call,,2267,,,,0,free,needleTuned20260905033826
24,merge the two garage boxes into one,MANAGE_BOX,UNCLEAR,1,False,True,,call,,empty-call,Needle returned no function calls,2166,,,,0,free,needleBase,MANAGE_BOX,,True,True,,call,manage_box,tool-call,,1960,,,,0,free,needleTuned20260905033826
25,set up a new container for holiday decorations,MANAGE_BOX,MANAGE_BOX,0.6043,True,True,,call,manage_box,tool-call,,2341,,,,0,free,needleBase,UPDATE_ITEM,,False,True,,call,update_item,tool-call,,2311,,,,0,free,needleTuned20260905033826
26,show me everything in my inventory,VIEW_INVENTORY,VIEW_INVENTORY,0.3691,True,True,,call,view_inventory,tool-call,,2155,,,,0,free,needleBase,VIEW_INVENTORY,,True,True,,call,view_inventory,tool-call,,2344,,,,0,free,needleTuned20260905033826
27,give me a report of all boxes in the garage,VIEW_INVENTORY,VIEW_INVENTORY,0.0654,True,True,,call,view_inventory,tool-call,,2702,,,,0,free,needleBase,VIEW_INVENTORY,,True,True,,call,view_inventory,tool-call,,2228,,,,0,free,needleTuned20260905033826
28,how many items do I have total,VIEW_INVENTORY,UNCLEAR,1,False,True,,call,,empty-call,Needle returned no function calls,2042,,,,0,free,needleBase,UNCLEAR,,False,True,,call,,empty-call,Needle returned no function calls,2163,,,,0,free,needleTuned20260905033826
29,list all the boxes I own,VIEW_INVENTORY,VIEW_INVENTORY,0.702,True,True,,call,view_inventory,tool-call,,1805,,,,0,free,needleBase,VIEW_INVENTORY,,True,True,,call,view_inventory,tool-call,,1882,,,,0,free,needleTuned20260905033826
30,what's in storage unit 4,VIEW_INVENTORY,VIEW_INVENTORY,0.0017,True,False,,call,view_inventory,tool-call,,2898,,,,0,free,needleBase,VIEW_INVENTORY,,True,False,,call,view_inventory,tool-call,,2802,,,,0,free,needleTuned20260905033826
31,upload a picture of my new blender,UPLOAD_PHOTO,UNCLEAR,0.9667,False,False,,call,,empty-call,Needle returned no function calls,2327,,,,0,free,needleBase,UPLOAD_PHOTO,,True,False,,call,upload_photo,tool-call,,2556,,,,0,free,needleTuned20260905033826
32,attach a photo to the garage tools box,UPLOAD_PHOTO,UPLOAD_PHOTO,0.4162,True,True,,call,upload_photo,tool-call,,2284,,,,0,free,needleBase,UPLOAD_PHOTO,,True,True,,call,upload_photo,tool-call,,2200,,,,0,free,needleTuned20260905033826
33,I want to take a picture of this box before sealing it,UPLOAD_PHOTO,UPLOAD_PHOTO,0.5209,True,True,,call,upload_photo,tool-call,,2581,,,,0,free,needleBase,UPLOAD_PHOTO,,True,True,,call,upload_photo,tool-call,,2655,,,,0,free,needleTuned20260905033826
34,add an image for the antique vase,UPLOAD_PHOTO,UPLOAD_PHOTO,0.5475,True,True,,call,upload_photo,tool-call,,2543,,,,0,free,needleBase,UPLOAD_PHOTO,,True,True,,call,upload_photo,tool-call,,2356,,,,0,free,needleTuned20260905033826
35,scan this receipt and attach it to the electronics box,UPLOAD_PHOTO,UPLOAD_PHOTO,0,True,True,,call,upload_photo,tool-call,,3166,,,,0,free,needleBase,UPLOAD_PHOTO,,True,False,,call,upload_photo,tool-call,,2171,,,,0,free,needleTuned20260905033826
36,how does this app work?,GENERAL_HELP,UNCLEAR,1,False,True,,call,,empty-call,Needle returned no function calls,1989,,,,0,free,needleBase,UNCLEAR,,False,True,,call,,empty-call,Needle returned no function calls,2414,,,,0,free,needleTuned20260905033826
37,what can you help me with,GENERAL_HELP,SEARCH_ITEM,0.2627,False,True,,call,search_item,tool-call,,2185,,,,0,free,needleBase,GENERAL_HELP,,True,True,,call,general_help,tool-call,,2243,,,,0,free,needleTuned20260905033826
38,explain how to label boxes properly,GENERAL_HELP,GENERAL_HELP,0.4873,True,True,,call,general_help,tool-call,,2106,,,,0,free,needleBase,GENERAL_HELP,,True,True,,call,general_help,tool-call,,2062,,,,0,free,needleTuned20260905033826
39,"I'm new here, how do I get started",GENERAL_HELP,GENERAL_HELP,0.0117,True,True,,call,general_help,tool-call,,2553,,,,0,free,needleBase,GENERAL_HELP,,True,True,,call,general_help,tool-call,,2146,,,,0,free,needleTuned20260905033826
40,what features does WhichBox offer,GENERAL_HELP,GENERAL_HELP,1,True,True,,call,general_help,tool-call,,2202,,,,0,free,needleBase,GENERAL_HELP,,True,True,,call,general_help,tool-call,,2622,,,,0,free,needleTuned20260905033826
41,hmm,UNCLEAR,MANAGE_BOX,0.6001,False,True,,call,manage_box,tool-call,,2002,,,,0,free,needleBase,SEARCH_ITEM,,False,True,,call,search_item,tool-call,,2004,,,,0,free,needleTuned20260905033826
42,thing box stuff maybe later,UNCLEAR,VIEW_INVENTORY,1,False,True,,call,view_inventory,tool-call,,2108,,,,0,free,needleBase,VIEW_INVENTORY,,False,True,,call,view_inventory,tool-call,,2117,,,,0,free,needleTuned20260905033826
43,add the drill but also where is it and delete the old one,UNCLEAR,SEARCH_ITEM,0,False,True,,call,search_item,tool-call,,2571,,,,0,free,needleBase,SEARCH_ITEM,,False,True,,call,search_item,tool-call,,2448,,,,0,free,needleTuned20260905033826
44,cna you fnid my chraeger,UNCLEAR,SEARCH_ITEM,0.9691,False,True,,call,search_item,tool-call,,2246,,,,0,free,needleBase,SEARCH_ITEM,,False,True,,call,search_item,tool-call,,2365,,,,0,free,needleTuned20260905033826
45,asdkjhaskjdh,UNCLEAR,SEARCH_ITEM,0.8426,False,True,,call,search_item,tool-call,,2067,,,,0,free,needleBase,SEARCH_ITEM,,False,True,,call,search_item,tool-call,,2091,,,,0,free,needleTuned20260905033826
